## <center>MySQL数据库字段</center>

#### `MySQL`支持多种类型，大致可以分为三类：数值、日期/时间和字符串(字符)类型。
---

### 一、数值类型

|类型|大小|范围（有符号）|范围（无符号）|用途|
|---|----|-----------|------------|---|
|TINYINT|1 字节|(-128，127)|(0，255)|小整数值|
|SMALLINT|2 字节|(-32 768，32 767)|(0，65 535)|大整数值|
|MEDIUMINT|3 字节|(-8 388 608，8 388 607)|(0，16 777 215)|大整数值|
|INT或INTEGER|4 字节|(-2 147 483 648，2 147 483 647)|(0，4 294 967 295)|大整数值|
|BIGINT|8 字节|(-9 233 372 036 854 775 808，9 223 372 036 854 775 807)|(0，18 446 744 073 709 551 615)|极大整数值|
|FLOAT|4 字节|(-3.402 823 466 E+38，1.175 494 351 E-38)，0，(1.175 494 351 E-38，3.402 823 466 351 E+38)|0，(1.175 494 351 E-38，3.402 823 466 E+38)|单精度，浮点数值|
|DOUBLE|8 字节|~|~|双精度，浮点数值|
|DECIMAL|对DECIMAL(M,D) ，如果M>D，为M+2否则为D+2|依赖于M和D的值|依赖于M和D的值|小数值|

### 二、字符类型

|类型|大小|用途|
|---|---|---|
|CHAR|0-255字节|定长字符串|
|VARCHAR|0-255字节|变长字符串|
|TINYBLOB|0-255字节|不超过 255 个字符的二进制字符串|
|TINYTEXT|0-255字节|短文本字符串|
|BLOB|0-65 535字节|二进制形式的长文本数据|
|TEXT|0-65 535字节|长文本数据|
|MEDIUMBLOB|0-16 777 215字节|二进制形式的中等长度文本数据|
|MEDIUMTEXT|0-16 777 215字节|中等长度文本数据|
|LOGNGBLOB|0-4 294 967 295字节|二进制形式的极大文本数据|
|LONGTEXT|0-4 294 967 295字节|极大文本数据|

### 三、时间类型

|类型|大小(字节)|范围|格式|用途|
|---|---|---|---|---|
|DATE|3|1000-01-01/9999-12-31|YYYY-MM-DD|日期值|
|TIME|3|'-838:59:59'/'838:59:59'|HH:MM:SS|时间值或持续时间|
|YEAR|1|1901/2155|YYYY|年份值|
|DATETIME|8|1000-01-01 00:00:00/9999-12-31 23:59:59|YYYY-MM-DD HH:MM:SS|混合日期和时间值|
|TIMESTAMP|8|1970-01-01 00:00:00/2037 年某时|YYYYMMDD HHMMSS|混合日期和时间值，时间戳|

### 四、`set`和`enum`类型
> 会在下一章节的约束中介绍


### 五、开发中常用的字段类型
* 1、字符类型中常用`VARCHAR`
* 2、时间数据类型中常用`DATETIME`和`TIMESTAMP`
* 3、数值类型常用的`INT`、`FLOAT`、`DUBLE`
* 4、使用`timestamp`创建默认时间<font color="#f00">`create_at timestamp default current_timestamp`</font>

  ```sql
  mysql> create table person(
      -> id int primary key auto_increment comment "用户id",
      -> name varchar(100) not null unique comment "用户名",
      -> city varchar(100) not null comment "城市",
      -> create_at timestamp default current_timestamp
      -> );
  Query OK, 0 rows affected (0.02 sec)

  mysql> insert into person(name,city) values("张三", "广东"), ("李四", "广西");
  Query OK, 2 rows affected (0.00 sec)
  Records: 2  Duplicates: 0  Warnings: 0

  mysql> select * from person;
  +----+--------+--------+---------------------+
  | id | name   | city   | create_at           |
  +----+--------+--------+---------------------+
  |  1 | 张三   | 广东   | 2018-06-29 13:49:24 |
  |  2 | 李四   | 广西   | 2018-06-29 13:49:24 |
  +----+--------+--------+---------------------+
  2 rows in set (0.00 sec)

  mysql>
  ```

* 5、使用`datetime`创建默认时间<font color="#f00">`create_at datetime default now()`</font>

  ```sql
  mysql> create table person(
      -> id int primary key auto_increment comment "用户id",
      -> name varchar(100) not null unique comment "用户名",
      -> city varchar(100) not null comment "城市",
      -> create_at datetime default now()
      -> );
  Query OK, 0 rows affected (0.01 sec)
  mysql> desc person;
  +-----------+--------------+------+-----+-------------------+----------------+
  | Field     | Type         | Null | Key | Default           | Extra          |
  +-----------+--------------+------+-----+-------------------+----------------+
  | id        | int(11)      | NO   | PRI | NULL              | auto_increment |
  | name      | varchar(100) | NO   | UNI | NULL              |                |
  | city      | varchar(100) | NO   |     | NULL              |                |
  | create_at | datetime     | YES  |     | CURRENT_TIMESTAMP |                |
  +-----------+--------------+------+-----+-------------------+----------------+
  4 rows in set (0.00 sec)

  mysql> insert into person(name, city) values("张三", "广东"), ("李四", "广西");
  Query OK, 2 rows affected (0.00 sec)
  Records: 2  Duplicates: 0  Warnings: 0

  mysql> select * from person;
  +----+--------+--------+---------------------+
  | id | name   | city   | create_at           |
  +----+--------+--------+---------------------+
  |  1 | 张三   | 广东   | 2018-06-29 13:55:51 |
  |  2 | 李四   | 广西   | 2018-06-29 13:55:51 |
  +----+--------+--------+---------------------+
  2 rows in set (0.00 sec)

  mysql>
  ```
