##<center>MySQL单表操作</center>

### 一、新增表

* 1、新建一个数据库

  ```mysql
  mysql> create database mysqltest charset utf8;
  Query OK, 1 row affected (0.00 sec)

  mysql> show databases;
  +--------------------+
  | Database           |
  +--------------------+
  | information_schema |
  | images360          |
  | mysql              |
  | mysqltest          |
  | nodejs             |
  | performance_schema |
  | sys                |
  +--------------------+
  7 rows in set (0.01 sec)

  mysql> use mysqltest;
  Database changed
  mysql> 
  ```

* 2、新建数据表

  ```mysql
  mysql> create table student( 
      -> id int primary key auto_increment comment "学生id",
      -> name varchar(100) comment "学生名字",
      -> age int comment "学生年龄"
      -> );
  Query OK, 0 rows affected (0.03 sec)

  mysql> show tables;
  +---------------------+
  | Tables_in_mysqltest |
  +---------------------+
  | student             |
  +---------------------+
  1 row in set (0.00 sec)
  ```

### 二、数据表基本操作
* 1、几个基本的词
  * `comment`字段的描素
  * `primary key`主键
  * `auto_increment`自动增长


* 2、显示表结构<font color="#f00">`show create table 表名`</font>

  ```mysql
  mysql> show create table student;
  +---------+---------------------------------------------------------------------------------------------------------------------------------------------------------------------------------------------------------------------------------------------------------------+
  | Table   | Create Table                                                                                                                                                                                                                                                  |
  +---------+---------------------------------------------------------------------------------------------------------------------------------------------------------------------------------------------------------------------------------------------------------------+
  | student | CREATE TABLE `student` (
    `id` int(11) NOT NULL AUTO_INCREMENT COMMENT '学生id',
    `name` varchar(100) DEFAULT NULL COMMENT '学生名字',
    `age` int(11) DEFAULT NULL COMMENT '学生年龄',
    PRIMARY KEY (`id`)
  ) ENGINE=InnoDB DEFAULT CHARSET=utf8           |
  +---------+---------------------------------------------------------------------------------------------------------------------------------------------------------------------------------------------------------------------------------------------------------------+
  1 row in set (0.01 sec)

  mysql>
  ```

* 3、修改表名<font color="#f00">`alter table 原来表名 rename to 新表名;`</font>

  ```mysql
  mysql> show tables;
  +---------------------+
  | Tables_in_mysqltest |
  +---------------------+
  | student             |
  +---------------------+
  1 row in set (0.01 sec)

  mysql> alter table student rename to student1;
  Query OK, 0 rows affected (0.02 sec)

  mysql> show tables;
  +---------------------+
  | Tables_in_mysqltest |
  +---------------------+
  | student1            |
  +---------------------+
  1 row in set (0.00 sec)

  mysql> 
  ```

* 4、查看表结构<font color="#f00">`desc student1;`</font>

  ```mysql
  mysql> desc student1;
  +-------+--------------+------+-----+---------+----------------+
  | Field | Type         | Null | Key | Default | Extra          |
  +-------+--------------+------+-----+---------+----------------+
  | id    | int(11)      | NO   | PRI | NULL    | auto_increment |
  | name  | varchar(100) | YES  |     | NULL    |                |
  | age   | int(11)      | YES  |     | NULL    |                |
  +-------+--------------+------+-----+---------+----------------+
  3 rows in set (0.00 sec)

  mysql>
  ```

* 5、修改表字段类型<font color="#f00">`alter table 表名 modify age 新的数据类型;`</font>

  ```mysql
  mysql> desc student1;
  +-------+-------------+------+-----+---------+----------------+
  | Field | Type        | Null | Key | Default | Extra          |
  +-------+-------------+------+-----+---------+----------------+
  | id    | int(11)     | NO   | PRI | NULL    | auto_increment |
  | name  | varchar(10) | YES  |     | NULL    |                |
  | age   | int(11)     | YES  |     | NULL    |                |
  +-------+-------------+------+-----+---------+----------------+
  3 rows in set (0.00 sec)

  mysql> alter table student1 modify age varchar(10);
  Query OK, 0 rows affected (0.02 sec)
  Records: 0  Duplicates: 0  Warnings: 0

  mysql> desc student1;
  +-------+-------------+------+-----+---------+----------------+
  | Field | Type        | Null | Key | Default | Extra          |
  +-------+-------------+------+-----+---------+----------------+
  | id    | int(11)     | NO   | PRI | NULL    | auto_increment |
  | name  | varchar(10) | YES  |     | NULL    |                |
  | age   | varchar(10) | YES  |     | NULL    |                |
  +-------+-------------+------+-----+---------+----------------+
  3 rows in set (0.01 sec)

  mysql>
  ```


* 6、修改表字段名<font color="#f00">`alter table 表明 change 旧的列名 新的列名 数据类型;`</font>

  ```mysql
  mysql> desc student1;
  +-------+-------------+------+-----+---------+----------------+
  | Field | Type        | Null | Key | Default | Extra          |
  +-------+-------------+------+-----+---------+----------------+
  | id    | int(11)     | NO   | PRI | NULL    | auto_increment |
  | name  | varchar(10) | YES  |     | NULL    |                |
  | age   | varchar(10) | YES  |     | NULL    |                |
  +-------+-------------+------+-----+---------+----------------+
  3 rows in set (0.01 sec)

  mysql> alter table student1 change name username varchar(100);
  Query OK, 0 rows affected (0.02 sec)
  Records: 0  Duplicates: 0  Warnings: 0

  mysql> desc student1;
  +----------+--------------+------+-----+---------+----------------+
  | Field    | Type         | Null | Key | Default | Extra          |
  +----------+--------------+------+-----+---------+----------------+
  | id       | int(11)      | NO   | PRI | NULL    | auto_increment |
  | username | varchar(100) | YES  |     | NULL    |                |
  | age      | varchar(10)  | YES  |     | NULL    |                |
  +----------+--------------+------+-----+---------+----------------+
  3 rows in set (0.00 sec)

  mysql>
  ```


* 7、新增列<font color="#f00">`alter table 表名 add 新增的列名 新增列名数据类型;`</font>

  ```mysql
  mysql> alter table student1 add birthday datetime;
  Query OK, 0 rows affected (0.02 sec)
  Records: 0  Duplicates: 0  Warnings: 0

  mysql> desc student1;
  +----------+--------------+------+-----+---------+----------------+
  | Field    | Type         | Null | Key | Default | Extra          |
  +----------+--------------+------+-----+---------+----------------+
  | id       | int(11)      | NO   | PRI | NULL    | auto_increment |
  | username | varchar(100) | YES  |     | NULL    |                |
  | age      | varchar(10)  | YES  |     | NULL    |                |
  | birthday | datetime     | YES  |     | NULL    |                |
  +----------+--------------+------+-----+---------+----------------+
  4 rows in set (0.00 sec)

  mysql> 
  ```

* 8、删除列<font color="#f00">`alter table 表名 drop 要删除的列名;`</font>

  ```mysql
  mysql> alter table student1 drop birthday;
  Query OK, 0 rows affected (0.02 sec)
  Records: 0  Duplicates: 0  Warnings: 0

  mysql> desc student1;
  +----------+--------------+------+-----+---------+----------------+
  | Field    | Type         | Null | Key | Default | Extra          |
  +----------+--------------+------+-----+---------+----------------+
  | id       | int(11)      | NO   | PRI | NULL    | auto_increment |
  | username | varchar(100) | YES  |     | NULL    |                |
  | age      | varchar(10)  | YES  |     | NULL    |                |
  +----------+--------------+------+-----+---------+----------------+
  3 rows in set (0.00 sec)

  mysql> 
  ```

### 三、基本的增删改查

* 1、插入数据<font color="#f00">`insert into 表名(字段名1, 字段名2...) values(值1, 值2....), (值1, 值2....)`</font>

  ```mysql
  mysql> insert into student1(username, age) values("张三", 20);
  Query OK, 1 row affected (0.00 sec)

  mysql> insert into student1(username, age) values("李四", 10), ("王五", 30);
  Query OK, 2 rows affected (0.00 sec)
  Records: 2  Duplicates: 0  Warnings: 0

  mysql> 
  ```

* 2、查询数据

  ```mysql
  mysql> select * from student1;
  +----+----------+------+
  | id | username | age  |
  +----+----------+------+
  |  1 | 张三     |   20 |
  |  2 | 李四     |   10 |
  |  3 | 王五     |   30 |
  +----+----------+------+
  3 rows in set (0.00 sec)
  mysql> select username, age from student1;
  +----------+------+
  | username | age  |
  +----------+------+
  | 张三     |   20 |
  | 李四     |   10 |
  | 王五     |   30 |
  +----------+------+
  3 rows in set (0.00 sec)

  mysql> select username name, age from student1;
  +--------+------+
  | name   | age  |
  +--------+------+
  | 张三   |   20 |
  | 李四   |   10 |
  | 王五   |   30 |
  +--------+------+
  3 rows in set (0.00 sec)

  mysql>
  ```

* 3、排序查询<font color="#f00">`select * from 表名 order by 字段名 desc/asc`</font>

  ```mysql
  mysql> select * from student1 order by age desc;
  +----+----------+------+
  | id | username | age  |
  +----+----------+------+
  |  3 | 王五     |   30 |
  |  1 | 张三     |   20 |
  |  2 | 李四     |   10 |
  +----+----------+------+
  3 rows in set (0.00 sec)

  mysql> select * from student1 order by age asc;
  +----+----------+------+
  | id | username | age  |
  +----+----------+------+
  |  2 | 李四     |   10 |
  |  1 | 张三     |   20 |
  |  3 | 王五     |   30 |
  +----+----------+------+
  3 rows in set (0.01 sec)

  mysql>
  ```

* 4、分页查询<font color="#f00">`select * from 表名 limit 开始位置, 取几条数据`</font>

  ```mysql
  mysql> select * from student limit 0, 2;
  +----+----------+------+
  | id | username | age  |
  +----+----------+------+
  |  1 | 张三     |   20 |
  |  2 | 李四     |   10 |
  +----+----------+------+
  2 rows in set (0.00 sec)

  mysql> 
  ```

* 5、修改数据

```mysql
```

* 6、删除数据

```mysql
```

* 7、